ACDC 	ACDC 	ACDC 	g	x
Africano 	Africano 	Africano 	g	x
Afro-Cuban All Stars 	Afro-Cuban All Stars 	Afro-Cuban All Stars 	g	x
Airbourne 	Airbourne 	Airbourne 	g	x
Altanta Soul 	Altanta Soul 	Altanta Soul 	g	x
Ange 	Ange 	Ange 	g	x
Anstam 	Anstam 	Anstam 	g	x
Arctic Monkeys 	Arctic Monkeys 	Arctic Monkeys 	g	x
Asian Dub Foundation 	Asian Dub Foundation 	Asian Dub Foundation 	g	x
Assassin 	Assassin 	Assassin 	g	x
BB Brunes 	BB Brunes 	BB Brunes 	g	x
Beastie Boys 	Beastie Boys 	Beastie Boys 	g	x
Bee Gees 	Bee Gees 	Bee Gees 	g	x
Berrurier noir 	Berrurier noir 	Berrurier noir 	g	x
Bijou 	Bijou 	Bijou 	g	x
Black Eyed Peas 	Black Eyed Peas 	Black Eyed Peas 	g	x
Black Milk 	Black Milk 	Black Milk 	g	x
Black Sabbath 	Black Sabbath 	Black Sabbath 	g	x
Black Uhuru 	Black Uhuru 	Black Uhuru 	g	x
Blondie 	Blondie 	Blondie 	g	x
Blue Oyster Cult 	Blue Oyster Cult 	Blue Oyster Cult 	g	x
Brain Damage 	Brain Damage 	Brain Damage 	g	x
Breakbot 	Breakbot 	Breakbot 	g	x
Buena Vista Social Club 	Buena Vista Social Club 	Buena Vista Social Club 	g	x
Cabaret Voltaire 	Cabaret Voltaire 	Cabaret Voltaire 	g	x
Cactus 	Cactus 	Cactus 	g	x
Can 	Can 	Can 	g	x
Canned Heat 	Canned Heat 	Canned Heat 	g	x
Chemical Brothers 	Chemical Brothers 	Chemical Brothers 	g	x
Chic 	Chic 	Chic 	g	x
Chicago 	Chicago 	Chicago 	g	x
Clarika 	Clarika 	Clarika 	g	x
Cocteau Twins 	Cocteau Twins 	Cocteau Twins 	g	x
ColdPlay 	ColdPlay 	ColdPlay 	g	x
Creedence Clearwater Revival 	Creedence Clearwater Revival 	Creedence Clearwater Revival 	g	x
Daft Punk 	Daft Punk 	Daft Punk 	g	x
Death in Vegas 	Death in Vegas 	Death in Vegas 	g	x
Deep Purple 	Deep Purple 	Deep Purple 	g	x
Deftones 	Deftones 	Deftones 	g	x
Depeche Mode 	Depeche Mode 	Depeche Mode 	g	x
Devo 	Devo 	Devo 	g	x
Dimmu Borgir 	Dimmu Borgir 	Dimmu Borgir 	g	x
DJ-Kicks 	DJ-Kicks 	DJ-Kicks 	g	x
Dogs 	Dogs 	Dogs 	g	x
Doors 	Doors 	Doors 	g	x
Dr Feelgood 	Dr Feelgood 	Dr Feelgood 	g	x
Eagles 	Eagles 	Eagles 	g	x
Echo and The Bunnymen 	Echo and The Bunnymen 	Echo and The Bunnymen 	g	x
Eurythmics 	Eurythmics 	Eurythmics 	g	x
Evanescence 	Evanescence 	Evanescence 	g	x
Fatboy Slim 	Fatboy Slim 	Fatboy Slim 	g	x
FFF 	FFF 	FFF 	g	x
Fishbone 	Fishbone 	Fishbone 	g	x
Food's Gold 	Food's Gold 	Food's Gold 	g	x
Franz Ferdinand 	Franz Ferdinand 	Franz Ferdinand 	g	x
Funkadelic Brain 	Funkadelic Brain 	Funkadelic Brain 	g	x
Furtwängler 	Furtwängler 	Furtwängler 	g	x
Garbage 	Garbage 	Garbage 	g	x
Georgio 	Georgio 	Georgio 	g	x
Gladiators 	Gladiators 	Gladiators 	g	x
Godsmack 	Godsmack 	Godsmack 	g	x
GoGo Penguin 	GoGo Penguin 	GoGo Penguin 	g	x
Gong 	Gong 	Gong 	g	x
Gotan Project 	Gotan Project 	Gotan Project 	g	x
Grandmaster Flash 	Grandmaster Flash 	Grandmaster Flash 	g	x
Groove Armada 	Groove Armada 	Groove Armada 	g	x
Groundation 	Groundation 	Groundation 	g	x
Hooded Fang 	Hooded Fang 	Hooded Fang 	g	x
Hot Tuna 	Hot Tuna 	Hot Tuna 	g	x
IAM 	IAM 	IAM 	g	x
Inmates 	Inmates 	Inmates 	g	x
Inxs 	Inxs 	Inxs 	g	x
Israel Vibration 	Israel Vibration 	Israel Vibration 	g	x
Jad Wio 	Jad Wio 	Jad Wio 	g	x
Jazzanova 	Jazzanova 	Jazzanova 	g	x
Jefferson Airplane 	Jefferson Airplane 	Jefferson Airplane 	g	x
Joy Division 	Joy Division 	Joy Division 	g	x
Killing Joke 	Killing Joke 	Killing Joke 	g	x
King Crimson 	King Crimson 	King Crimson 	g	x
Kings Of Leon 	Kings Of Leon 	Kings Of Leon 	g	x
Kool And The Gang 	Kool And The Gang 	Kool And The Gang 	g	x
La Souris Déglingué 	La Souris Déglingué 	La Souris Déglingué 	g	x
La Souterraine 	La Souterraine 	La Souterraine 	g	x
Le Peuple De L'Herbe 	Le Peuple De L'Herbe 	Le Peuple De L'Herbe 	g	x
Le Rosenberg Trio 	Le Rosenberg Trio 	Le Rosenberg Trio 	g	x
Led Zeppelin 	Led Zeppelin 	Led Zeppelin 	g	x
Les Belles Lurettes 	Les Belles Lurettes 	Les Belles Lurettes 	g	x
Les Blerots de Ravel 	Les Blerots de Ravel 	Les Blerots de Ravel 	g	x
Les Rita Mitsouko 	Les Rita Mitsouko 	Les Rita Mitsouko 	g	x
LFO 	LFO 	LFO 	g	x
LMFAO 	LMFAO 	LMFAO 	g	x
Lofofora 	Lofofora 	Lofofora 	g	x
Louise Attaque 	Louise Attaque 	Louise Attaque 	g	x
Madness 	Madness 	Madness 	g	x
Madrugada 	Madrugada 	Madrugada 	g	x
Magazine 	Magazine 	Magazine 	g	x
Magma 	Magma 	Magma 	g	x
Malted Milk 	Malted Milk 	Malted Milk 	g	x
Marquis De Sade 	Marquis De Sade 	Marquis De Sade 	g	x
Mass Hysteria 	Mass Hysteria 	Mass Hysteria 	g	x
Massilia Sound System 	Massilia Sound System 	Massilia Sound System 	g	x
Massive Attack 	Massive Attack 	Massive Attack 	g	x
MC5 	MC5 	MC5 	g	x
Metallica 	Metallica 	Metallica 	g	x
Metric 	Metric 	Metric 	g	x
MGMT 	MGMT 	MGMT 	g	x
Mickey3d 	Mickey3d 	Mickey3d 	g	x
Mississippi Heat 	Mississippi Heat 	Mississippi Heat 	g	x
Moving Units 	Moving Units 	Moving Units 	g	x
Muse 	Muse 	Muse 	g	x
New Order 	New Order 	New Order 	g	x
Niagara 	Niagara 	Niagara 	g	x
Nightmares on Wax 	Nightmares on Wax 	Nightmares on Wax 	g	x
Nirvana 	Nirvana 	Nirvana 	g	x
Noir Désir 	Noir Désir 	Noir Désir 	g	x
NTM 	NTM 	NTM 	g	x
Oasis 	Oasis 	Oasis 	g	x
Oberkampf 	Oberkampf 	Oberkampf 	g	x
OMD 	OMD 	OMD 	g	x
Oscar and the Wolf 	Oscar and the Wolf 	Oscar and the Wolf 	g	x
Outcaste 	Outcaste 	Outcaste 	g	x
Paris combo 	Paris combo 	Paris combo 	g	x
Parliament 	Parliament 	Parliament 	g	x
Pere Ubu 	Pere Ubu 	Pere Ubu 	g	x
Pigalle 	Pigalle 	Pigalle 	g	x
Pink Floyd 	Pink Floyd 	Pink Floyd 	g	x
Pixies 	Pixies 	Pixies 	g	x
Pogues 	Pogues 	Pogues 	g	x
Portishead 	Portishead 	Portishead 	g	x
Pretenders 	Pretenders 	Pretenders 	g	x
Pretty Eyes 	Pretty Eyes 	Pretty Eyes 	g	x
Primal Scream 	Primal Scream 	Primal Scream 	g	x
Queen 	Queen 	Queen 	g	x
Raggasonic 	Raggasonic 	Raggasonic 	g	x
Ramones 	Ramones 	Ramones 	g	x
Raoul Petite 	Raoul Petite 	Raoul Petite 	g	x
Red Hot Chili Pepers 	Red Hot Chili Pepers 	Red Hot Chili Pepers 	g	x
REM 	REM 	REM 	g	x
Roxy Music 	Roxy Music 	Roxy Music 	g	x
Sade 	Sade 	Sade 	g	x
Santana 	Santana 	Santana 	g	x
Scorpion 	Scorpion 	Scorpion 	g	x
Scorpions 	Scorpions 	Scorpions 	g	x
Shaka Ponk 	Shaka Ponk 	Shaka Ponk 	g	x
Silent Poets 	Silent Poets 	Silent Poets 	g	x
Simple Minds 	Simple Minds 	Simple Minds 	g	x
Simply Red 	Simply Red 	Simply Red 	g	x
Sinead O Connor 	Sinead O Connor 	Sinead O Connor 	g	x
Sinsemila 	Sinsemila 	Sinsemila 	g	x
Siouxsie and the Banshees 	Siouxsie and the Banshees 	Siouxsie and the Banshees 	g	x
Sisters of Mercy 	Sisters of Mercy 	Sisters of Mercy 	g	x
Sly et The Family Stone 	Sly et The Family Stone 	Sly et The Family Stone 	g	x
Soldat Louis 	Soldat Louis 	Soldat Louis 	g	x
Soldout 	Soldout 	Soldout 	g	x
Soulwax 	Soulwax 	Soulwax 	g	x
Sparks 	Sparks 	Sparks 	g	x
Special 	Special 	Special 	g	x
Spice Girls 	Spice Girls 	Spice Girls 	g	x
St. Petersburg String Quartet 	St. Petersburg String Quartet 	St. Petersburg String Quartet 	g	x
Steel Pulse 	Steel Pulse 	Steel Pulse 	g	x
Steely Dan 	Steely Dan 	Steely Dan 	g	x
Steppenwolf 	Steppenwolf 	Steppenwolf 	g	x
Sugarhill Gang 	Sugarhill Gang 	Sugarhill Gang 	g	x
Suicide 	Suicide 	Suicide 	g	x
Sun Ra 	Sun Ra 	Sun Ra 	g	x
T Rex 	T Rex 	T Rex 	g	x
Talking Heads 	Talking Heads 	Talking Heads 	g	x
Tangerine Dream 	Tangerine Dream 	Tangerine Dream 	g	x
Taxi Girl 	Taxi Girl 	Taxi Girl 	g	x
Telephone 	Telephone 	Telephone 	g	x
Television 	Television 	Television 	g	x
Ten Years After 	Ten Years After 	Ten Years After 	g	x
Tetes Raides 	Tetes Raides 	Tetes Raides 	g	x
Texas 	Texas 	Texas 	g	x
The B-52's 	The B-52's 	The B-52's 	g	x
The Blues Brothers 	The Blues Brothers 	The Blues Brothers 	g	x
The Clash 	The Clash 	The Clash 	g	x
The Commitments 	The Commitments 	The Commitments 	g	x
The Cramps 	The Cramps 	The Cramps 	g	x
The Cranberries 	The Cranberries 	The Cranberries 	g	x
The Cure 	The Cure 	The Cure 	g	x
The Divine Comedy 	The Divine Comedy 	The Divine Comedy 	g	x
The Ethiopians 	The Ethiopians 	The Ethiopians 	g	x
The Faboulous Troubadour 	The Faboulous Troubadour 	The Faboulous Troubadour 	g	x
The Fabulous Thunderbirds 	The Fabulous Thunderbirds 	The Fabulous Thunderbirds 	g	x
The Fleshtones 	The Fleshtones 	The Fleshtones 	g	x
The Go-Go s 	The Go-Go s 	The Go-Go s 	g	x
The Go! Team 	The Go! Team 	The Go! Team 	g	x
The Gun Club 	The Gun Club 	The Gun Club 	g	x
The Jam 	The Jam 	The Jam 	g	x
The Kills 	The Kills 	The Kills 	g	x
The Kooks 	The Kooks 	The Kooks 	g	x
The Lords of Altamont 	The Lords of Altamont 	The Lords of Altamont 	g	x
The Mamas and the Papas 	The Mamas and the Papas 	The Mamas and the Papas 	g	x
The Penelopes 	The Penelopes 	The Penelopes 	g	x
The Police 	The Police 	The Police 	g	x
The Pretty Things 	The Pretty Things 	The Pretty Things 	g	x
The Prodigy 	The Prodigy 	The Prodigy 	g	x
The Servant 	The Servant 	The Servant 	g	x
The Sex Pistols 	The Sex Pistols 	The Sex Pistols 	g	x
The Shoes 	The Shoes 	The Shoes 	g	x
The Small Faces 	The Small Faces 	The Small Faces 	g	x
The Smiths 	The Smiths 	The Smiths 	g	x
The Staple Singers 	The Staple Singers 	The Staple Singers 	g	x
The Stlye Council 	The Stlye Council 	The Stlye Council 	g	x
The Supremes 	The Supremes 	The Supremes 	g	x
The Temper Trap 	The Temper Trap 	The Temper Trap 	g	x
The Temptations 	The Temptations 	The Temptations 	g	x
The Trammps 	The Trammps 	The Trammps 	g	x
The Undertones 	The Undertones 	The Undertones 	g	x
The Verve 	The Verve 	The Verve 	g	x
The Volunteered Slaves 	The Volunteered Slaves 	The Volunteered Slaves 	g	x
The White Stripes 	The White Stripes 	The White Stripes 	g	x
The Who 	The Who 	The Who 	g	x
Third World 	Third World 	Third World 	g	x
Tindersticks 	Tindersticks 	Tindersticks 	g	x
Tom Tom Club 	Tom Tom Club 	Tom Tom Club 	g	x
Trio Beyond 	Trio Beyond 	Trio Beyond 	g	x
Trust 	Trust 	Trust 	g	x
U2 	U2 	U2 	g	x
Ultravox 	Ultravox 	Ultravox 	g	x
Urban dub 	Urban dub 	Urban dub 	g	x
Wailing Souls 	Wailing Souls 	Wailing Souls 	g	x
Warpaint 	Warpaint 	Warpaint 	g	x
Wax Tailor 	Wax Tailor 	Wax Tailor 	g	x
Weather Report 	Weather Report 	Weather Report 	g	x
West Coast Hip Hop 	West Coast Hip Hop 	West Coast Hip Hop 	g	x
White Lies 	White Lies 	White Lies 	g	x
Woodkid 	Woodkid 	Woodkid 	g	x
Yes 	Yes 	Yes 	g	x
Zebda 	Zebda 	Zebda 	g	x
ZZ Top 	ZZ Top 	ZZ Top 	g	x
